doc_id,gold_answer
T-0001,billing
T-0002,technical
T-0003,technical
T-0004,billing
T-0005,technical
T-0006,sales
T-0007,sales
T-0008,technical
T-0009,billing
T-0010,technical
T-0011,technical
T-0012,sales
T-0013,billing
T-0014,technical
T-0015,sales
T-0016,technical
T-0017,technical
T-0018,sales
T-0019,billing
T-0020,technical
T-0021,billing
T-0022,technical
T-0023,sales
T-0024,billing
T-0025,technical
T-0026,technical
T-0027,sales
T-0028,billing
T-0029,technical
T-0030,sales
